horseid,breed,gender,fastq_id
M10089,STDB,M,M10089
M10090,STDB,M,M10090
M10091,STDB,M,M10091
M10092,STDB,F,M10092
M10095,STDB,F,M10095
M10096,STDB,M,M10096
M10101,STDB,F,M10101
M10105,STDB,M,M10105
M10106,STDB,M,M10106
M10107,STDB,M,M10107
M10109,STDB,F,M10109
M10110,STDB,F,M10110
M10112,STDB,F,M10112
M10115,STDB,M,M10115
M10117,STDB,F,M10117
M10128,STDB,F,M10128
M10132,STDB,F,M10132
M10137,STDB,M,M10137
M10140,STDB,M,M10140
M10147,STDB,F,M10147
M10148,STDB,F,M10148
M10149,STDB,F,M10149
M10150,STDB,M,M10150
M10151,STDB,F,M10151
M10152,STDB,F,M10152
M10155,STDB,F,M10155
M10158,STDB,M,M10158
M10162,STDB,M,M10162
M10164,STDB,M,M10164
M10166,STDB,F,M10166
M10170,STDB,F,M10170
M10177,STDB,F,M10177
M10178,STDB,F,M10178
M10180,STDB,F,M10180
M10181,STDB,M,M10181
M10184,STDB,F,M10184
M10186,STDB,M,M10186
M10202,STDB,F,M10202
M10205,STDB,F,M10205
M10206,STDB,F,M10206
M11819,STDB,F,M11819
M11820,STDB,M,M11820
M11821,STDB,M,M11821
M11822,STDB,F,M11822
M11824,STDB,F,M11824
M11825,STDB,F,M11825
M11832,STDB,M,M11832
M11835,STDB,M,M11835
M11851,STDB,M,M11851
M11859,STDB,M,M11859
M11867,STDB,M,M11867
M11870,STDB,F,M11870
M11874,STDB,M,M11874
M11876,STDB,M,M11876
M11879,STDB,M,M11879
M12023,STDB,F,M12023
M12066,STDB,F,M12066
M12067,STDB,M,M12067
M12068,STDB,M,M12068
M12069,STDB,M,M12069
M12070,STDB,M,M12070
M12071,STDB,F,M12071
M12072,STDB,M,M12072
M12073,STDB,M,M12073
M12074,STDB,M,M12074
M12075,STDB,M,M12075
M12076,STDB,M,M12076
M12077,STDB,M,M12077
M12078,STDB,M,M12078
M12079,STDB,M,M12079
M12080,STDB,M,M12080
M12081,STDB,M,M12081
M12082,STDB,M,M12082
M12083,STDB,F,M12083
M12084,STDB,M,M12084
M12085,STDB,M,M12085
M12086,STDB,F,M12086
M12087,STDB,F,M12087
M12088,STDB,M,M12088
M12089,STDB,M,M12089
M12090,STDB,M,M12090
M12091,STDB,F,M12091
M12092,STDB,M,M12092
M12093,STDB,M,M12093
M12094,STDB,M,M12094
M12095,STDB,M,M12095
M12096,STDB,M,M12096
M12097,STDB,M,M12097
M12098,STDB,F,M12098
M12099,STDB,M,M12099
M12100,STDB,M,M12100
M12101,STDB,M,M12101
M12102,STDB,M,M12102
M12103,STDB,F,M12103
M12104,STDB,F,M12104
M12105,STDB,M,M12105
M12106,STDB,M,M12106
M12107,STDB,M,M12107
M12108,STDB,M,M12108
M12109,STDB,M,M12109
M12110,STDB,F,M12110
M12111,STDB,F,M12111
M12112,STDB,M,M12112
M12113,STDB,M,M12113
M12114,STDB,M,M12114
M12115,STDB,M,M12115
M12116,STDB,M,M12116
M12118,STDB,F,M12118
M12119,STDB,F,M12119
M12120,STDB,M,M12120
M12121,STDB,M,M12121
M12122,STDB,F,M12122
M12123,STDB,F,M12123
M12124,STDB,M,M12124
M12125,STDB,F,M12125
M12126,STDB,F,M12126
M12127,STDB,M,M12127
M12128,STDB,F,M12128
M12129,STDB,M,M12129
M12130,STDB,M,M12130
M12131,STDB,M,M12131
M12132,STDB,M,M12132
M12133,STDB,M,M12133
M12134,STDB,F,M12134
M12135,STDB,F,M12135
M12136,STDB,F,M12136
M12137,STDB,M,M12137
M12138,STDB,F,M12138
M12139,STDB,M,M12139
M12140,STDB,F,M12140
M12141,STDB,M,M12141
M12142,STDB,M,M12142
M12143,STDB,M,M12143
M12144,STDB,F,M12144
M12145,STDB,M,M12145
M12146,STDB,F,M12146
M12147,STDB,F,M12147
M12148,STDB,F,M12148
M12149,STDB,M,M12149
M12150,STDB,M,M12150
M12151,STDB,F,M12151
M12152,STDB,M,M12152
M12153,STDB,M,M12153
M12154,STDB,M,M12154
M12155,STDB,F,M12155
M12156,STDB,M,M12156
M12157,STDB,M,M12157
M12158,STDB,M,M12158
M12159,STDB,F,M12159
M12160,STDB,F,M12160
M12161,STDB,M,M12161
M12162,STDB,F,M12162
M12163,STDB,F,M12163
M12164,STDB,M,M12164
M12165,STDB,F,M12165
M12166,STDB,M,M12166
M12167,STDB,M,M12167
M12168,STDB,M,M12168
M12169,STDB,F,M12169
M12170,STDB,M,M12170
M12171,STDB,M,M12171
M12172,STDB,M,M12172
M12173,STDB,M,M12173
M12174,STDB,M,M12174
M12175,STDB,F,M12175
M12176,STDB,F,M12176
M12177,STDB,F,M12177
M12178,STDB,F,M12178
M12179,STDB,M,M12179
M12180,STDB,F,M12180
M12181,STDB,M,M12181
M12182,STDB,M,M12182
M12183,STDB,M,M12183
M12184,STDB,F,M12184
M12185,STDB,M,M12185
M12186,STDB,F,M12186
M12187,STDB,F,M12187
M12188,STDB,F,M12188
M12189,STDB,F,M12189
M12190,STDB,M,M12190
M12191,STDB,F,M12191
M12192,STDB,M,M12192
M12193,STDB,M,M12193
M12194,STDB,M,M12194
M12195,STDB,F,M12195
M12196,STDB,F,M12196
M12197,STDB,F,M12197
M12198,STDB,M,M12198
M12199,STDB,F,M12199
M12200,STDB,M,M12200
M12201,STDB,F,M12201
M12202,STDB,M,M12202
M12203,STDB,F,M12203
M12204,STDB,F,M12204
M12205,STDB,F,M12205
M12206,STDB,M,M12206
M12207,STDB,F,M12207
M12208,STDB,M,M12208
M12209,STDB,F,M12209
M12210,STDB,F,M12210
M12211,STDB,F,M12211
M12212,STDB,M,M12212
M12213,STDB,M,M12213
M12214,STDB,F,M12214
M12215,STDB,F,M12215
M12216,STDB,M,M12216
M12217,STDB,M,M12217
M12218,STDB,M,M12218
M12219,STDB,M,M12219
M12220,STDB,F,M12220
M12221,STDB,F,M12221
M12222,STDB,F,M12222
M12223,STDB,F,M12223
M12224,STDB,M,M12224
M12225,STDB,M,M12225
M12226,STDB,F,M12226
M12227,STDB,F,M12227
M12228,STDB,M,M12228
M12229,STDB,M,M12229
M12230,STDB,M,M12230
M12231,STDB,M,M12231
M12232,STDB,M,M12232
M12233,STDB,M,M12233
M12234,STDB,M,M12234
M12235,STDB,F,M12235
M12236,STDB,M,M12236
M12237,STDB,F,M12237
M12238,STDB,M,M12238
M12239,STDB,F,M12239
M12240,STDB,F,M12240
M12241,STDB,M,M12241
M12242,STDB,M,M12242
M12244,STDB,F,M12244
M12245,STDB,M,M12245
M12246,STDB,F,M12246
M12247,STDB,M,M12247
M12248,STDB,M,M12248
M12249,STDB,F,M12249
M12250,STDB,M,M12250
M12251,STDB,F,M12251
M12252,STDB,F,M12252
M12253,STDB,M,M12253
M12254,STDB,F,M12254
M12255,STDB,M,M12255
M12256,STDB,F,M12256
M12257,STDB,M,M12257
M12258,STDB,F,M12258
M12259,STDB,M,M12259
M12260,STDB,M,M12260
M12261,STDB,F,M12261
M12262,STDB,F,M12262
M12263,STDB,F,M12263
M12264,STDB,M,M12264
M12265,STDB,F,M12265
M12266,STDB,M,M12266
M12267,STDB,F,M12267
M12268,STDB,M,M12268
M12269,STDB,M,M12269
M12270,STDB,M,M12270
M12271,STDB,F,M12271
M12272,STDB,F,M12272
M12273,STDB,F,M12273
M12274,STDB,F,M12274
M12275,STDB,M,M12275
M12276,STDB,F,M12276
M12277,STDB,F,M12277
M13161,TB,F,M13161
M13162,TB,M,M13162
M13163,TB,M,M13163
M13164,TB,F,M13164
M13165,TB,F,M13165
M13166,TB,F,M13166
M13167,TB,F,M13167
M13168,TB,M,M13168
M13169,TB,M,M13169
M13170,TB,F,M13170
M13171,TB,F,M13171
M13172,TB,F,M13172
M13173,TB,F,M13173
M13174,TB,M,M13174
M13175,TB,M,M13175
M13176,TB,M,M13176
M13177,TB,M,M13177
M13178,TB,F,M13178
M13179,TB,M,M13179
M13180,TB,F,M13180
M13181,TB,F,M13181
M13182,TB,F,M13182
M13183,TB,F,M13183
M13184,TB,F,M13184
M13185,TB,M,M13185
M13186,TB,M,M13186
M13187,TB,M,M13187
M13188,TB,F,M13188
M13189,TB,F,M13189
M13190,TB,M,M13190
M13191,TB,F,M13191
M13192,TB,F,M13192
M13193,TB,F,M13193
M13194,TB,F,M13194
M13195,TB,M,M13195
M13196,TB,F,M13196
M13197,TB,M,M13197
M13198,TB,F,M13198
M13199,TB,F,M13199
M13200,TB,F,M13200
M13201,TB,M,M13201
M13202,TB,M,M13202
M13203,TB,F,M13203
M13204,TB,M,M13204
M13205,TB,M,M13205
M13206,TB,M,M13206
M13207,TB,F,M13207
M13208,TB,F,M13208
M13209,TB,M,M13209
M13210,TB,F,M13210
M13211,TB,F,M13211
M13212,TB,M,M13212
M13213,TB,F,M13213
M13214,TB,F,M13214
M13215,TB,F,M13215
M13216,TB,F,M13216
M13217,TB,M,M13217
M13218,TB,F,M13218
M13219,TB,M,M13219
M13220,TB,M,M13220
M13221,TB,M,M13221
M13222,TB,F,M13222
M13223,TB,F,M13223
M13224,TB,F,M13224
M13225,TB,F,M13225
M13226,TB,F,M13226
M13227,TB,F,M13227
M13228,TB,F,M13228
M13229,TB,F,M13229
M13230,TB,M,M13230
M13231,TB,M,M13231
M13232,TB,F,M13232
M13233,TB,F,M13233
M13234,TB,F,M13234
M13235,TB,F,M13235
M13236,TB,M,M13236
M13237,TB,M,M13237
M13238,TB,M,M13238
M13239,TB,M,M13239
M13240,TB,M,M13240
M13241,TB,F,M13241
M13242,TB,M,M13242
M13243,TB,F,M13243
M13244,TB,M,M13244
M13245,TB,M,M13245
M13246,TB,F,M13246
M13247,TB,M,M13247
M13248,TB,F,M13248
M13249,TB,F,M13249
M13250,TB,M,M13250
M13251,TB,F,M13251
M13252,TB,M,M13252
M13253,TB,M,M13253
M13254,TB,F,M13254
M13255,TB,F,M13255
M13256,TB,M,M13256
M13257,TB,M,M13257
M13258,TB,M,M13258
M13259,TB,F,M13259
M13260,TB,F,M13260
M13261,TB,F,M13261
M13262,TB,F,M13262
M13263,TB,F,M13263
M13264,TB,F,M13264
M13265,TB,F,M13265
M13266,TB,F,M13266
M13267,TB,F,M13267
M13268,TB,M,M13268
M13269,TB,M,M13269
M13270,TB,F,M13270
M13271,TB,F,M13271
M13272,TB,M,M13272
M13273,TB,M,M13273
M13274,TB,F,M13274
M13275,TB,F,M13275
M13276,TB,M,M13276
M13277,TB,F,M13277
M13278,TB,M,M13278
M13279,TB,M,M13279
M13280,TB,F,M13280
M13281,TB,F,M13281
M13282,TB,F,M13282
M13283,TB,M,M13283
M13284,TB,M,M13284
M13285,TB,F,M13285
M13286,TB,M,M13286
M13287,TB,M,M13287
M13288,TB,F,M13288
M13289,TB,F,M13289
M13290,TB,M,M13290
M13291,TB,F,M13291
M13292,TB,F,M13292
M13293,TB,F,M13293
M13294,TB,M,M13294
M13295,TB,F,M13295
M13296,TB,F,M13296
M13297,TB,F,M13297
M13298,TB,F,M13298
M13299,TB,F,M13299
M13300,TB,M,M13300
M13301,TB,F,M13301
M13302,TB,F,M13302
M13303,TB,M,M13303
M13304,TB,F,M13304
M13305,TB,F,M13305
M13306,TB,F,M13306
M13307,TB,M,M13307
M13308,TB,F,M13308
M13309,TB,F,M13309
M13310,TB,F,M13310
M13311,TB,F,M13311
M13312,TB,F,M13312
M13313,TB,F,M13313
M13314,TB,F,M13314
M13315,TB,M,M13315
M13316,TB,F,M13316
M13317,TB,M,M13317
M13318,TB,F,M13318
M13319,TB,M,M13319
M13320,TB,F,M13320
M13321,TB,M,M13321
M13322,TB,F,M13322
M13323,TB,F,M13323
M13324,TB,M,M13324
M13325,TB,F,M13325
M13326,TB,F,M13326
M13327,TB,F,M13327
M13328,TB,F,M13328
M13329,TB,F,M13329
M13330,TB,M,M13330
M13331,TB,F,M13331
M13332,TB,F,M13332
M13333,TB,F,M13333
M13334,TB,M,M13334
M13335,TB,M,M13335
M13336,TB,M,M13336
M13337,TB,F,M13337
M13338,TB,M,M13338
M13339,TB,F,M13339
M13340,TB,M,M13340
M13341,TB,F,M13341
M13342,TB,F,M13342
M13343,TB,F,M13343
M13344,TB,M,M13344
M13345,TB,F,M13345
M13346,TB,M,M13346
M13347,TB,M,M13347
M13348,TB,F,M13348
M13349,TB,F,M13349
M13350,TB,M,M13350
M13351,TB,M,M13351
M13352,TB,F,M13352
M13353,TB,F,M13353
M13354,TB,M,M13354
M13355,TB,M,M13355
M13356,TB,F,M13356
M13357,TB,F,M13357
M13358,TB,M,M13358
M13359,TB,F,M13359
M13360,TB,M,M13360
M13361,TB,M,M13361
M13362,TB,M,M13362
M13363,TB,M,M13363
M13364,TB,F,M13364
M13365,TB,M,M13365
M13366,TB,F,M13366
M13367,TB,M,M13367
M13368,TB,F,M13368
M13369,TB,F,M13369
M13370,TB,F,M13370
M13371,TB,F,M13371
M13372,TB,F,M13372
M13373,TB,M,M13373
M13374,TB,M,M13374
M13375,TB,M,M13375
M13376,TB,F,M13376
M13377,TB,M,M13377
M13378,TB,F,M13378
M13379,TB,F,M13379
M13380,TB,M,M13380
M13381,TB,F,M13381
M13382,TB,F,M13382
M13383,TB,F,M13383
M13384,TB,F,M13384
M13385,TB,F,M13385
M13386,TB,F,M13386
M13387,TB,M,M13387
M13388,TB,F,M13388
M13389,TB,M,M13389
M13390,TB,F,M13390
M13391,TB,F,M13391
M13392,TB,F,M13392
M13393,TB,F,M13393
M13394,TB,F,M13394
M13395,TB,M,M13395
M13396,TB,F,M13396
M13397,TB,F,M13397
M13398,TB,M,M13398
M13399,TB,F,M13399
M13400,TB,F,M13400
M13401,TB,M,M13401
M13402,TB,M,M13402
M13403,TB,F,M13403
M13404,TB,M,M13404
M13405,TB,F,M13405
M13406,TB,M,M13406
M13407,TB,F,M13407
M13408,TB,F,M13408
M13409,TB,M,M13409
M13410,TB,M,M13410
M13411,TB,F,M13411
M13412,TB,F,M13412
M13413,TB,F,M13413
M13414,TB,M,M13414
M13415,TB,F,M13415
M13416,TB,M,M13416
M13417,TB,F,M13417
M13418,TB,M,M13418
M13419,TB,F,M13419
M13420,TB,F,M13420
M13421,TB,F,M13421
M13422,TB,M,M13422
M13423,TB,M,M13423
M13424,TB,F,M13424
M13425,TB,M,M13425
M13426,TB,F,M13426
M13427,TB,F,M13427
M13428,TB,F,M13428
M13429,TB,M,M13429
M13430,TB,F,M13430
M13431,TB,F,M13431
M13432,TB,M,M13432
M13433,TB,F,M13433
M13434,TB,M,M13434
M13435,TB,M,M13435
M13436,TB,F,M13436
M13437,TB,M,M13437
M13438,TB,F,M13438
M13439,TB,F,M13439
M13440,TB,M,M13440
M13441,TB,F,M13441
M13442,TB,F,M13442
M13443,TB,F,M13443
M13444,TB,F,M13444
M13445,TB,M,M13445
M13446,TB,F,M13446
M13447,TB,M,M13447
M13448,TB,F,M13448
M13449,TB,F,M13449
M13450,TB,M,M13450
M13451,TB,M,M13451
M13452,TB,M,M13452
M13453,TB,M,M13453
M13454,TB,F,M13454
M13455,TB,F,M13455
M13456,TB,M,M13456
M13457,TB,F,M13457
M13458,TB,F,M13458
M13459,TB,F,M13459
M13460,TB,M,M13460
M13461,TB,F,M13461
M13462,TB,F,M13462
M13463,TB,F,M13463
M13464,TB,F,M13464
M13465,TB,F,M13465
M13466,TB,M,M13466
M13467,TB,F,M13467
M13468,TB,M,M13468
M13469,TB,F,M13469
M13470,TB,F,M13470
M13471,TB,M,M13471
M13472,TB,F,M13472
M13473,TB,F,M13473
M13474,TB,F,M13474
M13475,TB,F,M13475
M13476,TB,F,M13476
M13477,TB,F,M13477
M13478,TB,F,M13478
M13479,TB,M,M13479
M1425,STDB,M,M1425
M1426,STDB,F,M1426
M1428,STDB,M,M1428
M1429,STDB,F,M1429
M1432,STDB,M,M1432
M1434,STDB,M,M1434
M1435,STDB,M,M1435
M1436,STDB,M,M1436
M1437,STDB,M,M1437
M1438,STDB,M,M1438
M1439,STDB,M,M1439
M1440,STDB,M,M1440
M1441,STDB,M,M1441
M1442,STDB,M,M1442
M1443,STDB,M,M1443
M1444,STDB,M,M1444
M1445,STDB,M,M1445
M1446,STDB,M,M1446
M1447,STDB,M,M1447
M1448,STDB,M,M1448
M1449,STDB,F,M1449
M1450,STDB,M,M1450
M1452,STDB,F,M1452
M1453,STDB,M,M1453
M1454,STDB,M,M1454
M1455,STDB,M,M1455
M1456,STDB,M,M1456
M1458,STDB,F,M1458
M1459,STDB,M,M1459
M1461,STDB,F,M1461
M1462,STDB,F,M1462
M1464,STDB,M,M1464
M1465,STDB,M,M1465
M1466,STDB,F,M1466
M1467,STDB,F,M1467
M1468,STDB,M,M1468
M1469,STDB,F,M1469
M1470,STDB,M,M1470
M1471,STDB,F,M1471
M1472,STDB,F,M1472
M1473,STDB,F,M1473
M1474,STDB,F,M1474
M1475,STDB,F,M1475
M1476,STDB,M,M1476
M1477,STDB,F,M1477
M1478,STDB,F,M1478
M1479,STDB,F,M1479
M1480,STDB,M,M1480
M1481,STDB,F,M1481
M1482,STDB,M,M1482
M1483,STDB,F,M1483
M1484,STDB,F,M1484
M1485,STDB,M,M1485
M1486,STDB,F,M1486
M1487,STDB,F,M1487
M1488,STDB,M,M1488
M1489,STDB,F,M1489
M1490,STDB,F,M1490
M1491,STDB,F,M1491
M1492,STDB,F,M1492
M1493,STDB,M,M1493
M1494,STDB,M,M1494
M1495,STDB,M,M1495
M1496,STDB,F,M1496
M1497,STDB,F,M1497
M1498,STDB,F,M1498
M1499,STDB,M,M1499
M1501,TB,M,M1501
M1502,TB,F,M1502
M1503,TB,M,M1503
M1504,TB,M,M1504
M1505,TB,F,M1505
M1506,TB,M,M1506
M1507,TB,M,M1507
M1508,TB,F,M1508
M1510,TB,M,M1510
M1511,TB,M,M1511
M1512,TB,M,M1512
M1514,TB,M,M1514
M1515,unknown,NA,M1515
M1516,TB,M,M1516
M1517,TB,M,M1517
M1519,TB,F,M1519
M6099,STDB,F,M6099
M6100,STDB,M,M6100
M6101,STDB,M,M6101
M6102,STDB,M,M6102
M6103,STDB,F,M6103
M6104,STDB,M,M6104
M6105,STDB,F,M6105
M6106,STDB,F,M6106
M6107,STDB,F,M6107
M6108,STDB,M,M6108
M6109,STDB,F,M6109
M6110,STDB,M,M6110
M6111,STDB,M,M6111
M6112,STDB,M,M6112
M6113,STDB,M,M6113
M6114,STDB,M,M6114
M6115,STDB,M,M6115
M6116,STDB,M,M6116
M6117,STDB,F,M6117
M6118,STDB,F,M6118
M6119,STDB,M,M6119
M6120,STDB,M,M6120
M6121,STDB,M,M6121
M6122,STDB,F,M6122
M6123,STDB,M,M6123
M6124,STDB,F,M6124
M6125,STDB,F,M6125
M6126,STDB,F,M6126
M6127,STDB,F,M6127
M6128,STDB,M,M6128
M6129,STDB,F,M6129
M6130,STDB,M,M6130
M6131,STDB,F,M6131
M6132,STDB,F,M6132
M6133,STDB,F,M6133
M6134,STDB,M,M6134
M6135,STDB,M,M6135
M6136,STDB,F,M6136
M6137,STDB,M,M6137
M6138,STDB,F,M6138
M6139,STDB,M,M6139
M6140,STDB,M,M6140
M6141,STDB,M,M6141
M6142,STDB,F,M6142
M6143,STDB,M,M6143
M6144,STDB,F,M6144
M6145,STDB,F,M6145
M6146,STDB,M,M6146
M6147,STDB,M,M6147
M6148,STDB,F,M6148
M6149,STDB,F,M6149
M6150,STDB,M,M6150
M6151,STDB,M,M6151
M6152,STDB,M,M6152
M6153,STDB,M,M6153
M6154,STDB,F,M6154
M6155,STDB,M,M6155
M6156,STDB,M,M6156
M6157,STDB,F,M6157
M6158,STDB,F,M6158
M6159,STDB,M,M6159
M6160,STDB,F,M6160
M6161,STDB,M,M6161
M6162,STDB,F,M6162
M6163,STDB,M,M6163
M6164,STDB,F,M6164
M6165,STDB,M,M6165
M6166,STDB,M,M6166
M6167,STDB,M,M6167
M6168,STDB,F,M6168
M6169,STDB,F,M6169
M6170,STDB,F,M6170
M6171,STDB,F,M6171
M6172,STDB,F,M6172
M6173,STDB,F,M6173
M6174,STDB,M,M6174
M6175,STDB,M,M6175
M6176,STDB,M,M6176
M6177,STDB,M,M6177
M6178,STDB,M,M6178
M6179,STDB,F,M6179
M6180,STDB,M,M6180
M6181,STDB,F,M6181
M6182,STDB,F,M6182
M6184,STDB,F,M6184
M6185,STDB,F,M6185
M6186,STDB,F,M6186
M6187,STDB,M,M6187
M6188,STDB,M,M6188
M6189,STDB,M,M6189
M6190,STDB,F,M6190
M6191,STDB,M,M6191
M6192,STDB,F,M6192
M6193,STDB,F,M6193
M6194,STDB,F,M6194
M6195,STDB,M,M6195
M6196,STDB,F,M6196
M6197,STDB,M,M6197
M6198,STDB,F,M6198
M6199,STDB,F,M6199
M6200,STDB,M,M6200
M6201,STDB,F,M6201
M6202,STDB,F,M6202
M6203,STDB,M,M6203
M6844,STDB,F,M6844
M6845,STDB,M,M6845
M6846,STDB,F,M6846
M6847,STDB,M,M6847
M6849,STDB,M,M6849
M6850,STDB,M,M6850
M6851,STDB,F,M6851
M6852,STDB,M,M6852
M6853,STDB,M,M6853
M6854,STDB,M,M6854
M6855,STDB,M,M6855
M6856,STDB,M,M6856
M6857,STDB,F,M6857
M6858,STDB,F,M6858
M6859,STDB,F,M6859
M6860,STDB,F,M6860
M6861,STDB,M,M6861
M6862,STDB,M,M6862
M6863,STDB,M,M6863
M6864,STDB,M,M6864
M6865,STDB,F,M6865
M6866,STDB,M,M6866
M6867,STDB,M,M6867
M6868,STDB,M,M6868
M6869,STDB,F,M6869
M6870,STDB,F,M6870
M6871,STDB,F,M6871
M6872,STDB,F,M6872
M6873,STDB,M,M6873
M6874,STDB,M,M6874
M6876,STDB,M,M6876
M6877,STDB,F,M6877
M6878,STDB,M,M6878
M6879,STDB,M,M6879
M6880,STDB,M,M6880
M6881,STDB,F,M6881
M6882,STDB,M,M6882
M6883,STDB,M,M6883
M6884,STDB,F,M6884
M6885,STDB,F,M6885
M6886,STDB,M,M6886
M6887,STDB,F,M6887
M6888,STDB,F,M6888
M6889,STDB,M,M6889
M6890,STDB,M,M6890
M6891,STDB,M,M6891
M6892,STDB,M,M6892
M6893,STDB,F,M6893
M6894,STDB,F,M6894
M6895,STDB,F,M6895
M6896,STDB,F,M6896
M6897,STDB,M,M6897
M6898,STDB,M,M6898
M6899,STDB,M,M6899
M6900,STDB,M,M6900
M6901,STDB,M,M6901
M6902,STDB,F,M6902
M6903,STDB,F,M6903
M6904,STDB,M,M6904
M6905,STDB,M,M6905
M6906,STDB,M,M6906
M6907,STDB,F,M6907
M6908,STDB,F,M6908
M6909,STDB,F,M6909
M6910,STDB,M,M6910
M6912,STDB,F,M6912
M6913,STDB,M,M6913
M6914,STDB,M,M6914
M6915,STDB,M,M6915
M6916,STDB,M,M6916
M6917,STDB,F,M6917
M6918,STDB,F,M6918
M6919,STDB,F,M6919
M6920,STDB,M,M6920
M6921,STDB,M,M6921
M6922,STDB,M,M6922
M6923,STDB,M,M6923
M6924,STDB,M,M6924
M6925,STDB,M,M6925
M6926,STDB,M,M6926
M6927,STDB,F,M6927
M6928,STDB,M,M6928
M6929,STDB,M,M6929
M6930,STDB,F,M6930
M6931,STDB,F,M6931
M6932,STDB,F,M6932
M6933,STDB,F,M6933
M6934,STDB,M,M6934
M6935,STDB,F,M6935
M6936,STDB,M,M6936
M6937,STDB,F,M6937
M6938,STDB,M,M6938
M6939,STDB,F,M6939
M6940,STDB,F,M6940
M6941,STDB,F,M6941
M6942,STDB,M,M6942
M6943,STDB,M,M6943
M6944,STDB,M,M6944
M6945,STDB,M,M6945
M6946,STDB,M,M6946
M6947,STDB,M,M6947
M6948,STDB,M,M6948
M6949,STDB,M,M6949
M6950,STDB,M,M6950
M6951,STDB,F,M6951
M6952,STDB,M,M6952
M6954,STDB,F,M6954
M6955,STDB,M,M6955
M6956,STDB,M,M6956
M6957,STDB,F,M6957
M6958,STDB,M,M6958
M6959,STDB,F,M6959
M6960,STDB,F,M6960
M6961,STDB,M,M6961
M6962,STDB,M,M6962
M6963,STDB,M,M6963
M6964,STDB,F,M6964
M6965,STDB,F,M6965
M6966,STDB,F,M6966
M6967,STDB,F,M6967
M6968,STDB,M,M6968
M6969,STDB,M,M6969
M6970,STDB,M,M6970
M6971,STDB,M,M6971
M6972,STDB,F,M6972
M6973,STDB,M,M6973
M6974,STDB,F,M6974
M6975,STDB,F,M6975
M6976,STDB,M,M6976
M6977,STDB,F,M6977
M6978,STDB,M,M6978
M6979,STDB,F,M6979
M6980,STDB,M,M6980
M6981,STDB,F,M6981
M6982,STDB,M,M6982
M6983,STDB,M,M6983
M6984,STDB,M,M6984
M6985,STDB,M,M6985
M6986,STDB,F,M6986
M6987,STDB,M,M6987
M6988,STDB,M,M6988
M6989,STDB,M,M6989
M6990,STDB,F,M6990
M6991,STDB,M,M6991
M6992,STDB,M,M6992
M6993,STDB,F,M6993
M6994,STDB,M,M6994
M6995,STDB,F,M6995
M6996,STDB,M,M6996
M6997,STDB,M,M6997
M6998,STDB,M,M6998
M6999,STDB,F,M6999
M7000,STDB,M,M7000
M7001,STDB,F,M7001
M7002,STDB,M,M7002
M7003,STDB,M,M7003
M7004,STDB,F,M7004
M7005,STDB,F,M7005
M7006,STDB,M,M7006
M7007,STDB,F,M7007
M7008,STDB,M,M7008
M7009,STDB,M,M7009
M7010,STDB,M,M7010
M7011,STDB,F,M7011
M7012,STDB,F,M7012
M7013,STDB,F,M7013
M7866,STDB,M,M7866
M7867,STDB,M,M7867
M7868,STDB,F,M7868
M7869,STDB,M,M7869
M7870,STDB,M,M7870
M7871,STDB,M,M7871
M7872,STDB,M,M7872
M7874,STDB,M,M7874
M7875,STDB,M,M7875
M7876,STDB,M,M7876
M7877,STDB,M,M7877
M7878,STDB,M,M7878
M7879,STDB,M,M7879
M7880,STDB,F,M7880
M7881,STDB,M,M7881
M7882,STDB,M,M7882
M7883,STDB,F,M7883
M7884,STDB,F,M7884
M7885,STDB,F,M7885
M7886,STDB,M,M7886
M7887,STDB,M,M7887
M7888,STDB,M,M7888
M7889,STDB,F,M7889
M7890,STDB,M,M7890
M7891,STDB,M,M7891
M7892,STDB,F,M7892
M7893,STDB,F,M7893
M7894,STDB,M,M7894
M7895,STDB,F,M7895
M7896,STDB,M,M7896
M7897,STDB,M,M7897
M7898,STDB,M,M7898
M7899,STDB,F,M7899
M7900,STDB,M,M7900
M7901,STDB,F,M7901
M7902,STDB,M,M7902
M7903,STDB,M,M7903
M7905,STDB,M,M7905
M7906,STDB,F,M7906
M7907,STDB,F,M7907
M7908,STDB,M,M7908
M7909,STDB,F,M7909
M7910,STDB,M,M7910
M7911,STDB,M,M7911
M7912,STDB,F,M7912
M7913,STDB,F,M7913
M7914,STDB,M,M7914
M7915,STDB,M,M7915
M7916,STDB,M,M7916
M7917,STDB,F,M7917
M7919,STDB,F,M7919
M7920,STDB,M,M7920
M7921,STDB,F,M7921
M7923,STDB,M,M7923
M7924,STDB,M,M7924
M7925,STDB,F,M7925
M7926,STDB,F,M7926
M7927,STDB,M,M7927
M7928,STDB,F,M7928
M7929,STDB,F,M7929
M7930,STDB,M,M7930
M7931,STDB,F,M7931
M7932,STDB,M,M7932
M7933,STDB,M,M7933
M7934,STDB,M,M7934
M7935,STDB,F,M7935
M7936,STDB,F,M7936
M7937,STDB,F,M7937
M7938,STDB,M,M7938
M7939,STDB,M,M7939
M7940,STDB,M,M7940
M7941,STDB,F,M7941
M7942,STDB,F,M7942
M7943,STDB,M,M7943
M7944,STDB,F,M7944
M7945,STDB,M,M7945
M7946,STDB,M,M7946
M7947,STDB,F,M7947
M7948,STDB,M,M7948
M7949,STDB,F,M7949
M7950,STDB,M,M7950
M7951,STDB,F,M7951
M7952,STDB,M,M7952
M7953,STDB,F,M7953
M7954,STDB,M,M7954
M8518,STDB,M,M8518
M8519,STDB,M,M8519
M8520,STDB,M,M8520
M8521,STDB,F,M8521
M8522,STDB,F,M8522
M8523,STDB,F,M8523
M8524,STDB,F,M8524
M8525,STDB,F,M8525
M8526,STDB,F,M8526
M8527,STDB,M,M8527
M8528,STDB,M,M8528
M8529,STDB,M,M8529
M8530,STDB,M,M8530
M8531,STDB,M,M8531
M8532,STDB,F,M8532
M8533,STDB,M,M8533
M8534,STDB,M,M8534
M8536,STDB,M,M8536
M8537,STDB,M,M8537
M8538,STDB,M,M8538
M8539,STDB,M,M8539
M8540,STDB,M,M8540
M8541,STDB,M,M8541
M8542,STDB,M,M8542
M8543,STDB,F,M8543
M8544,STDB,M,M8544
M8545,STDB,F,M8545
M8546,STDB,F,M8546
M8547,STDB,M,M8547
M8548,STDB,M,M8548
M8549,STDB,F,M8549
M8550,STDB,F,M8550
M8551,STDB,M,M8551
M8552,STDB,M,M8552
M8553,STDB,F,M8553
M8554,STDB,F,M8554
M8555,STDB,M,M8555
M8556,STDB,F,M8556
M8557,STDB,M,M8557
M8558,STDB,M,M8558
M8559,STDB,M,M8559
M8560,STDB,M,M8560
M8561,STDB,F,M8561
M8562,STDB,F,M8562
M8563,STDB,M,M8563
M8564,STDB,F,M8564
M8565,STDB,M,M8565
M8566,STDB,F,M8566
M8567,STDB,F,M8567
M8568,STDB,M,M8568
M8570,STDB,M,M8570
M8571,STDB,M,M8571
M8572,STDB,M,M8572
M8573,STDB,F,M8573
M8574,STDB,M,M8574
M8575,STDB,F,M8575
M8576,STDB,M,M8576
M8577,STDB,M,M8577
M8578,STDB,M,M8578
M8579,STDB,F,M8579
M8580,STDB,F,M8580
M8583,STDB,M,M8583
M8584,STDB,M,M8584
M8585,STDB,M,M8585
M8586,STDB,M,M8586
M8587,STDB,M,M8587
M8588,STDB,F,M8588
M8589,STDB,F,M8589
M8590,STDB,F,M8590
M8591,STDB,M,M8591
M8592,STDB,M,M8592
M8593,STDB,F,M8593
M8594,STDB,M,M8594
M8595,STDB,F,M8595
M8596,STDB,F,M8596
M8597,STDB,F,M8597
M8598,STDB,F,M8598
M8600,STDB,M,M8600
M8601,STDB,M,M8601
M8602,STDB,F,M8602
M8603,STDB,M,M8603
M8604,STDB,M,M8604
M8605,STDB,M,M8605
M8606,STDB,M,M8606
M8607,STDB,M,M8607
M8608,STDB,F,M8608
M8609,STDB,M,M8609
M8610,STDB,M,M8610
M8611,STDB,F,M8611
M8612,STDB,F,M8612
M8614,STDB,M,M8614
M8615,STDB,M,M8615
M8616,STDB,F,M8616
M8617,STDB,M,M8617
M8618,STDB,F,M8618
M8619,STDB,M,M8619
M8621,STDB,M,M8621
M8622,STDB,F,M8622
M8623,STDB,M,M8623
M8624,STDB,F,M8624
M8625,STDB,M,M8625
M8626,STDB,M,M8626
M8627,STDB,F,M8627
M8628,STDB,F,M8628
M8629,STDB,M,M8629
M8630,STDB,M,M8630
M8631,STDB,F,M8631
M8632,STDB,F,M8632
M8633,STDB,M,M8633
M8634,STDB,M,M8634
M8635,STDB,M,M8635
M8636,STDB,M,M8636
M8637,STDB,M,M8637
M8638,STDB,M,M8638
M8639,STDB,F,M8639
M8640,STDB,M,M8640
M8641,STDB,M,M8641
M8644,STDB,M,M8644
M8645,STDB,F,M8645
M8646,STDB,M,M8646
M8648,STDB,F,M8648
M8649,STDB,F,M8649
M8650,STDB,M,M8650
M8651,STDB,M,M8651
M8652,STDB,F,M8652
M8654,STDB,F,M8654
M8655,STDB,F,M8655
M8656,STDB,F,M8656
M8657,STDB,M,M8657
M8659,STDB,M,M8659
M8661,STDB,F,M8661
M8663,STDB,M,M8663
M8664,STDB,M,M8664
M8665,STDB,F,M8665
M8666,STDB,F,M8666
M8667,STDB,F,M8667
M8668,STDB,F,M8668
M8672,STDB,M,M8672
M8675,STDB,F,M8675
M8676,STDB,M,M8676
M8677,STDB,M,M8677
M8678,STDB,M,M8678
M8679,STDB,M,M8679
M8680,STDB,M,M8680
M8681,STDB,M,M8681
M8682,STDB,F,M8682
M8683,STDB,F,M8683
M8684,STDB,F,M8684
M8685,STDB,F,M8685
M8686,STDB,M,M8686
M8687,STDB,M,M8687
M8688,STDB,F,M8688
M8689,STDB,F,M8689
M8690,STDB,F,M8690
M8691,STDB,F,M8691
M8693,STDB,M,M8693
M8694,STDB,F,M8694
M8695,STDB,M,M8695
M8697,STDB,M,M8697
M8698,STDB,F,M8698
M8699,STDB,M,M8699
M8700,STDB,M,M8700
M8701,STDB,M,M8701
M8702,STDB,M,M8702
M8703,STDB,M,M8703
M8704,STDB,M,M8704
M8705,STDB,M,M8705
M8706,STDB,M,M8706
M8707,STDB,M,M8707
M8721,STDB,M,M8721
M8722,STDB,M,M8722
M8723,STDB,M,M8723
M8724,STDB,F,M8724
M8725,STDB,F,M8725
M8726,STDB,M,M8726
M8727,STDB,M,M8727
M8729,STDB,M,M8729
M8730,STDB,F,M8730
M8731,STDB,M,M8731
M8732,STDB,F,M8732
M8733,STDB,M,M8733
M8735,STDB,M,M8735
M8736,STDB,M,M8736
M8737,STDB,M,M8737
M8738,STDB,F,M8738
M8739,STDB,M,M8739
M8740,STDB,M,M8740
M8741,STDB,M,M8741
M8742,STDB,M,M8742
M8743,STDB,F,M8743
M8744,STDB,M,M8744
M8745,STDB,M,M8745
M8746,STDB,M,M8746
M8747,STDB,M,M8747
M8750,STDB,M,M8750
M8862,STDB,F,M8862
M8863,STDB,M,M8863
M8865,STDB,M,M8865
M8866,STDB,M,M8866
M8867,STDB,M,M8867
M8868,STDB,F,M8868
M8870,STDB,F,M8870
M8871,STDB,M,M8871
M8872,STDB,M,M8872
M8873,STDB,F,M8873
M8874,STDB,M,M8874
M8875,STDB,M,M8875
M8876,STDB,M,M8876
M8877,STDB,F,M8877
M8880,STDB,M,M8880
M8881,STDB,M,M8881
M8882,STDB,M,M8882
M8883,STDB,M,M8883
M9047,STDB,M,M9047
M9048,STDB,F,M9048
M9049,STDB,M,M9049
M9051,STDB,M,M9051
M9053,STDB,M,M9053
M9055,STDB,M,M9055
M9056,STDB,M,M9056
M9058,STDB,F,M9058
M9059,STDB,M,M9059
M9061,STDB,M,M9061
M9062,STDB,F,M9062
M9063,STDB,M,M9063
119d,TB,M,119d
136d,TB,M,136d
139d,TB,M,139d
164d,TB,F,164d
170d,TB,M,170d
175d,TB,F,175d
18d,TB,M,18d
201d,TB,F,201d
20d,TB,M,20d
212d,TB,F,212d
22d,TB,F,22d
23d,TB,F,23d
269d,TB,F,269d
273d,TB,F,273d
288d,TB,F,288d
289d,TB,F,289d
290d,TB,F,290d
291d,TB,M,291d
293d,TB,F,293d
294d,TB,F,294d
297d,TB,M,297d
303d,TB,F,303d
304d,TB,M,304d
305d,TB,F,305d
306d,TB,M,306d
307d,TB,M,307d
309d,unknown,NA,309d
30d,TB,M,30d
310d,TB,F,310d
311d,TB,F,311d
312d,TB,F,312d
316d,TB,M,316d
31d,TB,F,31d
320d,TB,F,320d
322d,TB,F,322d
328d,TB,M,328d
332d,TB,F,332d
336d,TB,F,336d
338d,TB,M,338d
341d,TB,M,341d
342d,TB,F,342d
344d,TB,M,344d
349d,unknown,NA,349d
350d,TB,F,350d
355d,TB,F,355d
356d,TB,F,356d
357d,TB,M,357d
359d,TB,M,359d
35d,TB,F,35d
361d,TB,F,361d
366d,TB,F,366d
369d,TB,F,369d
373d,TB,M,373d
383d,TB,M,383d
386d,TB,M,386d
3d,TB,M,3d
403d,TB,F,403d
404d,TB,F,404d
431d,TB,F,431d
433d,TB,F,433d
434d,TB,F,434d
438d,TB,F,438d
43d,TB,F,43d
440d,TB,M,440d
443d,TB,F,443d
446d,TB,F,446d
452d,TB,M,452d
453d,TB,F,453d
455d,TB,M,455d
459d,TB,F,459d
462d,TB,F,462d
472d,TB,F,472d
476d,TB,F,476d
481d,TB,M,481d
482d,TB,F,482d
507d,TB,F,507d
510d,TB,M,510d
533d,TB,M,533d
538d,TB,F,538d
546d,TB,F,546d
580d,TB,F,580d
7d,TB,M,7d
A1032,TB,F,A1032
A1061,TB,M,A1061
A1212,TB,F,A1212
A1234,TB,M,A1234
A1298,TB,M,A1298
A1318,TB,F,A1318
A133,TB,M,A133
A1335,TB,F,A1335
A1362,TB,F,A1362
A1382,TB,M,A1382
A1420,TB,M,A1420
A147,TB,F,A147
A150,TB,F,A150
A1553,TB,F,A1553
A1605,TB,F,A1605
A1606,TB,F,A1606
A1614,TB,M,A1614
A1620,TB,F,A1620
A1622,TB,M,A1622
A173,unknown,NA,A173
A1754,TB,F,A1754
A1757,TB,M,A1757
A196,TB,F,A196
A2040,TB,F,A2040
A2057,TB,F,A2057
A2206,TB,F,A2206
A2262,TB,M,A2262
A24,TB,F,A24
A2520,TB,M,A2520
A2930,TB,M,A2930
A3052,TB,M,A3052
A34,TB,F,A34
A360,TB,F,A360
A381,TB,M,A381
A407,TB,F,A407
A413,TB,F,A413
A43,TB,F,A43
A49,TB,F,A49
A688,TB,M,A688
A701,TB,M,A701
A710,TB,M,A710
A74,TB,F,A74
A786,TB,F,A786
A790,TB,M,A790
A791,TB,F,A791
A82,TB,F,A82
A822,TB,F,A822
A83,TB,F,A83
A954,TB,F,A954
d120,unknown,NA,d120
d1298,unknown,NA,d1298
d1318,unknown,NA,d1318
d1362,unknown,NA,d1362
d137,unknown,NA,d137
d138,unknown,NA,d138
d140,unknown,NA,d140
d141,TB,M,d141
d142,TB,M,d142
d143,TB,M,d143
d144,TB,M,d144
d145,TB,M,d145
d146,TB,M,d146
d147,TB,M,d147
d148,TB,M,d148
d149,TB,M,d149
d150,TB,M,d150
d151,TB,M,d151
d152,TB,M,d152
d153,TB,M,d153
d154,TB,M,d154
d155,TB,M,d155
d1553,unknown,NA,d1553
d156,TB,M,d156
d157,TB,F,d157
d158,unknown,NA,d158
d159,unknown,NA,d159
d160,unknown,NA,d160
d161,TB,F,d161
d162,unknown,NA,d162
d1622,unknown,NA,d1622
d163,unknown,NA,d163
d165,unknown,NA,d165
d166,TB,F,d166
d167,unknown,NA,d167
d168,TB,M,d168
d169,unknown,NA,d169
d171,unknown,NA,d171
d172,TB,F,d172
d173,unknown,NA,d173
d174,unknown,NA,d174
d1757,unknown,NA,d1757
d176,unknown,NA,d176
d180,unknown,NA,d180
d181,unknown,NA,d181
d182,unknown,NA,d182
d183,unknown,NA,d183
d184,unknown,NA,d184
d185,TB,M,d185
d186,unknown,NA,d186
d187,unknown,NA,d187
d189,unknown,NA,d189
d190,TB,M,d190
d191,unknown,NA,d191
d192,unknown,NA,d192
d193,unknown,NA,d193
d194,unknown,NA,d194
d195,unknown,NA,d195
d196,unknown,NA,d196
d197,TB,F,d197
d198,TB,F,d198
d199,unknown,NA,d199
d200,unknown,NA,d200
d202,unknown,NA,d202
d203,TB,F,d203
d204,unknown,NA,d204
d2040,unknown,NA,d2040
d205,TB,F,d205
d206,unknown,NA,d206
d207,unknown,NA,d207
d208,unknown,NA,d208
d209,TB,F,d209
d210,unknown,NA,d210
d211,TB,F,d211
d213,unknown,NA,d213
d214,TB,F,d214
d215,unknown,NA,d215
d2262,unknown,NA,d2262
d265,TB,F,d265
d266,TB,F,d266
d267,unknown,NA,d267
d268,unknown,NA,d268
d270,TB,M,d270
d271,TB,M,d271
d272,unknown,NA,d272
d276,TB,F,d276
d277,TB,F,d277
d278,unknown,NA,d278
d279,unknown,NA,d279
d282,unknown,NA,d282
d283,unknown,NA,d283
d284,unknown,NA,d284
d292,TB,F,d292
d295,unknown,NA,d295
d296,unknown,NA,d296
d298,TB,F,d298
d299,TB,F,d299
d300,TB,F,d300
d301,TB,F,d301
d302,unknown,NA,d302
d308,TB,F,d308
d313,TB,F,d313
d318,unknown,NA,d318
d326,unknown,NA,d326
d337,unknown,NA,d337
d345,unknown,NA,d345
d346,unknown,NA,d346
d362,unknown,NA,d362
d370,unknown,NA,d370
d374,unknown,NA,d374
d376,unknown,NA,d376
d385,TB,F,d385
d392,unknown,NA,d392
d393,unknown,NA,d393
d394,unknown,NA,d394
d398,unknown,NA,d398
d399,unknown,NA,d399
d402,unknown,NA,d402
d411,unknown,NA,d411
d412,unknown,NA,d412
d414,unknown,NA,d414
d415,unknown,NA,d415
d416,unknown,NA,d416
d419,unknown,NA,d419
d420,unknown,NA,d420
d421,unknown,NA,d421
d422,unknown,NA,d422
d423,unknown,NA,d423
d424,unknown,NA,d424
d426,unknown,NA,d426
d427,unknown,NA,d427
d428,unknown,NA,d428
d429,unknown,NA,d429
d430,unknown,NA,d430
d432,unknown,NA,d432
d82,TB,F,d82
d825,TB,F,d825
EGR1013,TB,M,EGR1013
EGR1018,TB,M,EGR1018
EGR1019,TB,M,EGR1019
EGR1020,TB,F,EGR1020
EGR1030,TB,NA,EGR1030
EGR1031,TB,NA,EGR1031
EGR1032,TB,NA,EGR1032
EGR1034,TB,NA,EGR1034
EGR1035,TB,NA,EGR1035
EGR1037,TB,F,EGR1037
EGR1038,TB,F,EGR1038
EGR1048,TB,F,EGR1048
EGR1049,TB,F,EGR1049
EGR1051,TB,F,EGR1051
EGR1052,TB,M,EGR1052
EGR1053,TB,M,EGR1053
EGR1054,TB,M,EGR1054
EGR1055,TB,M,EGR1055
EGR1056,TB,F,EGR1056
EGR1057,TB,M,EGR1057
EGR1058,TB,F,EGR1058
EGR1059,TB,F,EGR1059
EGR1060,TB,F,EGR1060
EGR1062,TB,F,EGR1062
EGR1064,TB,F,EGR1064
EGR1065,TB,M,EGR1065
EGR1067,TB,F,EGR1067
EGR1068,TB,F,EGR1068
EGR1069,TB,M,EGR1069
EGR1070,TB,M,EGR1070
EGR1072,TB,M,EGR1072
EGR1073,TB,M,EGR1073
EGR1074,TB,F,EGR1074
EGR1075,TB,F,EGR1075
EGR1076,TB,F,EGR1076
EGR1078,TB,M,EGR1078
EGR1079,TB,M,EGR1079
EGR1080,TB,M,EGR1080
EGR1081,TB,F,EGR1081
EGR1082,TB,M,EGR1082
EGR1083,TB,M,EGR1083
EGR1084,TB,NA,EGR1084
EGR1085,TB,NA,EGR1085
EGR1086,TB,NA,EGR1086
EGR1087,TB,NA,EGR1087
EGR1088,TB,NA,EGR1088
EGR1090,TB,M,EGR1090
EGR1091,TB,NA,EGR1091
EGR1092,TB,NA,EGR1092
EGR1097,TB,M,EGR1097
EGR1098,TB,F,EGR1098
EGR227,TB,F,EGR227
EGR231,TB,F,EGR231
EGR232,TB,M,EGR232
EGR233,TB,F,EGR233
EGR234,TB,F,EGR234
EGR236,TB,M,EGR236
EGR237,TB,M,EGR237
EGR238,TB,M,EGR238
EGR239,TB,M,EGR239
EGR241,TB,F,EGR241
EGR242,TB,F,EGR242
EGR261,TB,F,EGR261
EGR262,TB,F,EGR262
EGR263,TB,F,EGR263
EGR265,TB,F,EGR265
EGR266,TB,F,EGR266
EGR267,TB,F,EGR267
EGR268,TB,F,EGR268
EGR269,TB,F,EGR269
EGR270,TB,F,EGR270
EGR271,TB,F,EGR271
EGR272,TB,F,EGR272
EGR273,TB,F,EGR273
EGR274,TB,F,EGR274
EGR275,TB,F,EGR275
EGR276,TB,F,EGR276
EGR277,TB,F,EGR277
EGR278,TB,F,EGR278
EGR279,TB,F,EGR279
EGR280,TB,F,EGR280
EGR281,TB,F,EGR281
EGR282,TB,F,EGR282
EGR283,TB,F,EGR283
EGR284,TB,F,EGR284
EGR285,TB,F,EGR285
EGR286,TB,F,EGR286
EGR287,TB,F,EGR287
EGR288,TB,F,EGR288
EGR291,TB,F,EGR291
EGR292,TB,F,EGR292
EGR293,TB,F,EGR293
EGR295,TB,F,EGR295
EGR296,TB,F,EGR296
EGR297,TB,F,EGR297
EGR300,TB,F,EGR300
EGR301,TB,F,EGR301
EGR302,TB,F,EGR302
EGR303,TB,F,EGR303
EGR304,TB,F,EGR304
EGR305,TB,M,EGR305
EGR306,TB,F,EGR306
EGR307,TB,M,EGR307
EGR309,TB,F,EGR309
EGR310,TB,F,EGR310
EGR311,TB,M,EGR311
EGR312,TB,F,EGR312
EGR313,TB,F,EGR313
EGR314,TB,F,EGR314
EGR315,TB,F,EGR315
EGR316,TB,M,EGR316
EGR317,TB,F,EGR317
EGR318,TB,M,EGR318
EGR319,TB,M,EGR319
EGR320,TB,F,EGR320
EGR321,TB,F,EGR321
EGR322,TB,F,EGR322
EGR325,TB,F,EGR325
EGR326,TB,F,EGR326
EGR355,TB,F,EGR355
EGR357,TB,M,EGR357
EGR358,TB,F,EGR358
EGR359,TB,F,EGR359
EGR360,TB,F,EGR360
EGR361,TB,F,EGR361
EGR362,TB,F,EGR362
EGR363,TB,F,EGR363
EGR365,TB,F,EGR365
EGR366,TB,M,EGR366
EGR367,TB,M,EGR367
EGR368,TB,M,EGR368
EGR369,TB,F,EGR369
EGR370,TB,F,EGR370
EGR371,TB,F,EGR371
EGR372,TB,F,EGR372
EGR373,TB,F,EGR373
EGR374,TB,F,EGR374
EGR375,TB,NA,EGR375
EGR376,TB,F,EGR376
EGR377,TB,F,EGR377
EGR378,TB,F,EGR378
EGR379,TB,F,EGR379
EGR380,TB,F,EGR380
EGR381,TB,NA,EGR381
EGR382,TB,F,EGR382
EGR383,TB,M,EGR383
EGR384,TB,M,EGR384
EGR385,TB,NA,EGR385
EGR386,TB,M,EGR386
EGR387,TB,F,EGR387
EGR388,TB,M,EGR388
EGR389,TB,M,EGR389
EGR390,TB,M,EGR390
EGR391,TB,M,EGR391
EGR392,TB,M,EGR392
EGR393,TB,M,EGR393
EGR394,TB,M,EGR394
EGR395,TB,M,EGR395
EGR396,TB,NA,EGR396
EGR507,TB,F,EGR507
EGR509,TB,M,EGR509
EGR511,TB,F,EGR511
EGR512,TB,F,EGR512
EGR513,TB,M,EGR513
EGR515,TB,F,EGR515
EGR516,TB,F,EGR516
EGR517,TB,F,EGR517
EGR518,TB,F,EGR518
EGR519,TB,F,EGR519
EGR520,TB,F,EGR520
EGR522,TB,F,EGR522
EGR523,TB,F,EGR523
EGR524,TB,M,EGR524
EGR526,TB,F,EGR526
EGR527,TB,M,EGR527
EGR528,TB,M,EGR528
EGR532,TB,F,EGR532
EGR533,TB,F,EGR533
EGR534,TB,F,EGR534
EGR536,TB,F,EGR536
EGR537,TB,M,EGR537
EGR538,TB,M,EGR538
EGR539,TB,F,EGR539
EGR541,TB,M,EGR541
EGR542,TB,F,EGR542
EGR543,TB,F,EGR543
EGR546,TB,F,EGR546
EGR547,TB,F,EGR547
EGR550,TB,M,EGR550
EGR551,TB,F,EGR551
EGR553,TB,M,EGR553
EGR554,TB,M,EGR554
EGR555,TB,F,EGR555
EGR556,TB,M,EGR556
EGR557,TB,F,EGR557
EGR558,TB,F,EGR558
EGR559,TB,M,EGR559
EGR560,TB,F,EGR560
EGR561,TB,F,EGR561
EGR562,TB,F,EGR562
EGR564,TB,F,EGR564
EGR565,TB,M,EGR565
EGR566,TB,M,EGR566
EGR567,TB,M,EGR567
EGR570,TB,F,EGR570
EGR571,TB,F,EGR571
EGR573,TB,F,EGR573
EGR574,TB,F,EGR574
EGR575,TB,M,EGR575
EGR576,TB,F,EGR576
EGR577,TB,F,EGR577
EGR639,TB,F,EGR639
EGR641,TB,F,EGR641
EGR642,TB,F,EGR642
EGR643,TB,F,EGR643
EGR644,TB,F,EGR644
EGR646,TB,F,EGR646
EGR647,TB,F,EGR647
EGR648,TB,F,EGR648
EGR649,TB,F,EGR649
EGR651,TB,F,EGR651
EGR652,TB,F,EGR652
EGR653,TB,F,EGR653
EGR657,TB,F,EGR657
EGR658,TB,F,EGR658
EGR659,TB,F,EGR659
EGR660,TB,F,EGR660
EGR661,TB,F,EGR661
EGR662,TB,F,EGR662
EGR663,TB,F,EGR663
EGR664,TB,F,EGR664
EGR665,TB,M,EGR665
EGR666,TB,M,EGR666
EGR667,TB,M,EGR667
EGR668,TB,F,EGR668
EGR669,TB,F,EGR669
EGR670,TB,F,EGR670
EGR671,TB,F,EGR671
EGR672,TB,F,EGR672
EGR673,TB,F,EGR673
EGR675,TB,M,EGR675
EGR676,TB,F,EGR676
EGR682,TB,M,EGR682
EGR684,TB,F,EGR684
EGR685,TB,F,EGR685
EGR942,TB,M,EGR942
EGR944,TB,F,EGR944
EGR945,TB,F,EGR945
EGR948,TB,F,EGR948
EGR949,TB,F,EGR949
EGR950,TB,F,EGR950
EGR955,TB,F,EGR955
EGR956,TB,F,EGR956
EGR957,TB,F,EGR957
EGR958,TB,F,EGR958
EGR959,TB,F,EGR959
EGR961,TB,F,EGR961
EGR963,TB,M,EGR963
EGR964,TB,F,EGR964
EGR968,TB,M,EGR968
EGR969,TB,F,EGR969
EGR970,TB,M,EGR970
EGR975,TB,F,EGR975
EGR977,TB,M,EGR977
EGR986,TB,M,EGR986
EGR994,TB,M,EGR994
